method,time_ms,memory_peak_kb
mysqli_procedural_static,5.5303,58.4609375
mysqli_procedural_static,5.2973,57.7265625
mysqli_procedural_static,5.8636,57.7265625
mysqli_procedural_static,5.3257,57.7265625
mysqli_procedural_static,7.0439,57.7265625
mysqli_procedural_static,8.6688,57.7265625
mysqli_procedural_static,5.2737,57.7265625
mysqli_procedural_static,5.1004,57.7265625
mysqli_procedural_static,4.0818,57.7265625
mysqli_procedural_static,3.8453,57.1015625
mysqli_procedural_static,4.0945,57.1015625
mysqli_procedural_static,4.1441,57.1015625
mysqli_procedural_static,4.0215,57.1015625
mysqli_procedural_static,4.0263,57.1015625
mysqli_procedural_static,4.2453,57.1015625
mysqli_procedural_static,4.2327,57.1015625
mysqli_procedural_static,3.8269,57.1015625
mysqli_procedural_static,3.8675,55.8515625
mysqli_procedural_static,4.5944,55.8515625
mysqli_procedural_static,4.1192,55.8515625
mysqli_procedural_static,3.8434,55.8515625
mysqli_procedural_static,5.0119,55.8515625
mysqli_procedural_static,4.2842,55.8515625
mysqli_procedural_static,4.117,55.8515625
mysqli_procedural_static,4.0809,55.8515625
mysqli_procedural_static,4.3432,55.8515625
mysqli_procedural_static,4.2393,55.8515625
mysqli_procedural_static,4.0843,55.8515625
mysqli_procedural_static,4.3305,55.8515625
mysqli_procedural_static,4.2912,55.8515625
mysqli_procedural_static,3.8289,55.8515625
mysqli_procedural_static,3.921,55.8515625
mysqli_procedural_static,4.2581,55.8515625
mysqli_procedural_static,4.1138,53.3515625
mysqli_procedural_static,4.0847,53.3515625
mysqli_procedural_static,4.1702,53.3515625
mysqli_procedural_static,4.1649,53.3515625
mysqli_procedural_static,4.1733,53.3515625
mysqli_procedural_static,4.0127,53.3515625
mysqli_procedural_static,5.1927,53.3515625
mysqli_procedural_static,4.2584,53.3515625
mysqli_procedural_static,3.9496,53.3515625
mysqli_procedural_static,3.9071,53.3515625
mysqli_procedural_static,5.8298,53.3515625
mysqli_procedural_static,4.198,53.3515625
mysqli_procedural_static,4.0827,53.3515625
mysqli_procedural_static,4.5898,53.3515625
mysqli_procedural_static,5.9534,53.3515625
mysqli_procedural_static,3.8259,53.3515625
mysqli_procedural_static,4.4448,53.3515625
mysqli_procedural_static,4.0868,53.3515625
mysqli_procedural_static,4.08,53.3515625
mysqli_procedural_static,4.1266,53.3515625
mysqli_procedural_static,4.3523,53.3515625
mysqli_procedural_static,4.0908,53.3515625
mysqli_procedural_static,4.0428,53.3515625
mysqli_procedural_static,4.3372,53.3515625
mysqli_procedural_static,6.2408,53.3515625
mysqli_procedural_static,6.1392,53.3515625
mysqli_procedural_static,4.4548,53.3515625
mysqli_procedural_static,4.0378,53.3515625
mysqli_procedural_static,4.0877,53.3515625
mysqli_procedural_static,4.2424,53.3515625
mysqli_procedural_static,4.6063,53.3515625
mysqli_procedural_static,4.1758,53.3515625
mysqli_procedural_static,4.1053,42.4140625
mysqli_procedural_static,4.3295,42.4140625
mysqli_procedural_static,4.0992,42.4140625
mysqli_procedural_static,4.3838,42.4140625
mysqli_procedural_static,4.1944,42.4140625
mysqli_procedural_static,4.2557,42.4140625
mysqli_procedural_static,4.0938,42.4140625
mysqli_procedural_static,4.0699,42.4140625
mysqli_procedural_static,6.1492,42.4140625
mysqli_procedural_static,4.2692,42.4140625
mysqli_procedural_static,4.3317,42.4140625
mysqli_procedural_static,5.2584,42.4140625
mysqli_procedural_static,4.0813,42.4140625
mysqli_procedural_static,3.9561,42.4140625
mysqli_procedural_static,4.0374,42.4140625
mysqli_procedural_static,6.6484,42.4140625
mysqli_procedural_static,4.1341,42.4140625
mysqli_procedural_static,4.1243,42.4140625
mysqli_procedural_static,4.9624,42.4140625
mysqli_procedural_static,4.1472,42.4140625
mysqli_procedural_static,3.8149,42.4140625
mysqli_procedural_static,4.2833,42.4140625
mysqli_procedural_static,4.3214,42.4140625
mysqli_procedural_static,3.8796,42.4140625
mysqli_procedural_static,3.8387,42.4140625
mysqli_procedural_static,5.7149,42.4140625
mysqli_procedural_static,4.1253,42.4140625
mysqli_procedural_static,3.9356,42.4140625
mysqli_procedural_static,4.1693,42.4140625
mysqli_procedural_static,4.2181,42.4140625
mysqli_procedural_static,4.0895,42.4140625
mysqli_procedural_static,4.0588,42.4140625
mysqli_procedural_static,5.0011,42.4140625
mysqli_procedural_static,4.062,42.4140625
mysqli_procedural_static,3.7987,42.4140625
mysqli_procedural_static,4.3132,42.4140625
mysqli_procedural_static,4.2355,42.4140625
mysqli_procedural_static,4.0498,42.4140625
mysqli_procedural_static,3.8158,42.4140625
mysqli_procedural_static,4.1183,42.4140625
mysqli_procedural_static,4.2423,42.4140625
mysqli_procedural_static,4.1161,42.4140625
mysqli_procedural_static,4.0833,42.4140625
mysqli_procedural_static,4.3441,42.4140625
mysqli_procedural_static,4.3084,42.4140625
mysqli_procedural_static,4.0344,42.4140625
mysqli_procedural_static,4.5357,42.4140625
mysqli_procedural_static,4.6187,42.4140625
mysqli_procedural_static,4.2501,42.4140625
mysqli_procedural_static,4.1278,42.4140625
mysqli_procedural_static,4.2016,42.4140625
mysqli_procedural_static,4.1632,42.4140625
mysqli_procedural_static,4.0903,42.4140625
mysqli_procedural_static,4.313,42.4140625
mysqli_procedural_static,4.1724,42.4140625
mysqli_procedural_static,4.0542,42.4140625
mysqli_procedural_static,4.0483,42.4140625
mysqli_procedural_static,4.35,42.4140625
mysqli_procedural_static,4.1706,42.4140625
mysqli_procedural_static,4.2096,42.4140625
mysqli_procedural_static,4.428,42.4140625
mysqli_procedural_static,6.3175,42.4140625
mysqli_procedural_static,4.0866,42.4140625
mysqli_procedural_static,4.3947,42.4140625
mysqli_procedural_static,4.3337,42.4140625
mysqli_procedural_static,4.0892,42.4140625
mysqli_procedural_static,4.1277,42.4140625
mysqli_procedural_static,4.4371,42.4140625
mysqli_procedural_static,6.1521,42.4140625
mysqli_procedural_static,4.1533,42.4140625
mysqli_procedural_static,4.4659,42.4140625
mysqli_procedural_static,4.1537,42.4140625
mysqli_procedural_static,4.1868,42.4140625
mysqli_procedural_static,4.0597,42.4140625
mysqli_procedural_static,4.397,42.4140625
mysqli_procedural_static,4.0331,42.4140625
mysqli_procedural_static,4.2122,42.4140625
mysqli_procedural_static,4.6498,42.4140625
mysqli_procedural_static,4.4961,42.4140625
mysqli_procedural_static,4.161,42.4140625
mysqli_procedural_static,4.0485,42.4140625
mysqli_procedural_static,4.9499,42.4140625
mysqli_procedural_static,4.3373,42.4140625
mysqli_procedural_static,4.0525,42.4140625
mysqli_procedural_static,5.018,42.4140625
mysqli_procedural_static,4.1842,42.4140625
mysqli_procedural_static,4.1394,42.4140625
mysqli_procedural_static,4.1185,42.4140625
mysqli_procedural_static,4.2589,42.4140625
mysqli_procedural_static,4.2031,42.4140625
mysqli_procedural_static,4.2122,42.4140625
mysqli_procedural_static,4.9205,42.4140625
mysqli_procedural_static,4.1481,42.4140625
mysqli_procedural_static,4.0694,42.4140625
mysqli_procedural_static,4.1037,42.4140625
mysqli_procedural_static,4.2508,42.4140625
mysqli_procedural_static,4.1298,42.4140625
mysqli_procedural_static,4.2148,42.4140625
mysqli_procedural_static,4.4271,42.4140625
mysqli_procedural_static,4.3096,42.4140625
mysqli_procedural_static,5.3038,42.4140625
mysqli_procedural_static,4.0717,42.4140625
mysqli_procedural_static,4.1965,42.4140625
mysqli_procedural_static,4.2176,42.4140625
mysqli_procedural_static,4.2383,42.4140625
mysqli_procedural_static,4.6319,42.4140625
mysqli_procedural_static,4.2801,42.4140625
mysqli_procedural_static,4.0091,42.4140625
mysqli_procedural_static,4.1416,42.4140625
mysqli_procedural_static,6.3818,42.4140625
mysqli_procedural_static,4.4205,42.4140625
mysqli_procedural_static,4.1257,42.4140625
mysqli_procedural_static,4.4367,42.4140625
mysqli_procedural_static,4.1136,42.4140625
mysqli_procedural_static,4.1431,42.4140625
mysqli_procedural_static,4.2821,42.4140625
mysqli_procedural_static,4.3058,42.4140625
mysqli_procedural_static,4.119,42.4140625
mysqli_procedural_static,4.0881,42.4140625
mysqli_procedural_static,4.291,42.4140625
mysqli_procedural_static,4.1124,42.4140625
mysqli_procedural_static,4.1532,42.4140625
mysqli_procedural_static,4.1111,42.4140625
mysqli_procedural_static,4.6215,42.4140625
mysqli_procedural_static,4.1617,42.4140625
mysqli_procedural_static,4.0747,42.4140625
mysqli_procedural_static,4.9758,42.4140625
mysqli_procedural_static,4.191,42.4140625
mysqli_procedural_static,4.0947,42.4140625
mysqli_procedural_static,4.2584,42.4140625
mysqli_procedural_static,4.118,42.4140625
mysqli_procedural_static,4.1179,42.4140625
mysqli_procedural_static,4.1088,42.4140625
mysqli_procedural_static,4.5155,42.4140625
mysqli_procedural_static,4.1999,42.4140625
mysqli_object_static,4.219,66.1484375
mysqli_object_static,5.0841,65.4140625
mysqli_object_static,4.2933,65.4140625
mysqli_object_static,4.1714,65.4140625
mysqli_object_static,6.1884,65.4140625
mysqli_object_static,4.3302,65.4140625
mysqli_object_static,4.099,65.4140625
mysqli_object_static,4.2849,65.4140625
mysqli_object_static,4.3922,65.4140625
mysqli_object_static,4.1245,64.7890625
mysqli_object_static,4.1223,64.7890625
mysqli_object_static,5.0691,64.7890625
mysqli_object_static,4.2405,64.7890625
mysqli_object_static,5.1609,64.7890625
mysqli_object_static,6.9513,64.7890625
mysqli_object_static,7.5296,64.7890625
mysqli_object_static,8.2889,64.7890625
mysqli_object_static,7.9155,63.5390625
mysqli_object_static,6.893,63.5390625
mysqli_object_static,4.0692,63.5390625
mysqli_object_static,4.1052,63.5390625
mysqli_object_static,4.3017,63.5390625
mysqli_object_static,4.9512,63.5390625
mysqli_object_static,4.209,63.5390625
mysqli_object_static,4.0224,63.5390625
mysqli_object_static,4.4576,63.5390625
mysqli_object_static,4.1318,63.5390625
mysqli_object_static,4.1967,63.5390625
mysqli_object_static,4.3673,63.5390625
mysqli_object_static,4.0767,63.5390625
mysqli_object_static,4.0515,63.5390625
mysqli_object_static,4.0965,63.5390625
mysqli_object_static,4.4806,63.5390625
mysqli_object_static,4.4928,61.0390625
mysqli_object_static,4.1165,61.0390625
mysqli_object_static,4.2356,61.0390625
mysqli_object_static,4.34,61.0390625
mysqli_object_static,4.1482,61.0390625
mysqli_object_static,4.4062,61.0390625
mysqli_object_static,4.5665,61.0390625
mysqli_object_static,4.16,61.0390625
mysqli_object_static,4.0601,61.0390625
mysqli_object_static,4.2255,61.0390625
mysqli_object_static,4.3602,61.0390625
mysqli_object_static,4.3931,61.0390625
mysqli_object_static,6.189,61.0390625
mysqli_object_static,4.3137,61.0390625
mysqli_object_static,4.1621,61.0390625
mysqli_object_static,4.0668,61.0390625
mysqli_object_static,6.1189,61.0390625
mysqli_object_static,4.1521,61.0390625
mysqli_object_static,4.0147,61.0390625
mysqli_object_static,4.0536,61.0390625
mysqli_object_static,4.4717,61.0390625
mysqli_object_static,4.0847,61.0390625
mysqli_object_static,4.7274,61.0390625
mysqli_object_static,4.9393,61.0390625
mysqli_object_static,6.2638,61.0390625
mysqli_object_static,4.1745,61.0390625
mysqli_object_static,4.3408,61.0390625
mysqli_object_static,4.0646,61.0390625
mysqli_object_static,4.1322,61.0390625
mysqli_object_static,4.1031,61.0390625
mysqli_object_static,4.3574,61.0390625
mysqli_object_static,4.1186,61.0390625
mysqli_object_static,4.1102,50.0390625
mysqli_object_static,4.6009,50.0390625
mysqli_object_static,4.3912,50.0390625
mysqli_object_static,4.1025,50.0390625
mysqli_object_static,4.1043,50.0390625
mysqli_object_static,4.3841,50.0390625
mysqli_object_static,4.0274,50.0390625
mysqli_object_static,4.1056,50.0390625
mysqli_object_static,4.2755,50.0390625
mysqli_object_static,4.248,50.0390625
mysqli_object_static,3.9247,50.0390625
mysqli_object_static,4.1067,50.0390625
mysqli_object_static,4.0783,50.0390625
mysqli_object_static,4.2289,50.0390625
mysqli_object_static,4.0696,50.0390625
mysqli_object_static,3.8353,50.0390625
mysqli_object_static,4.36,50.0390625
mysqli_object_static,4.1555,50.0390625
mysqli_object_static,4.1173,50.0390625
mysqli_object_static,4.4424,50.0390625
mysqli_object_static,4.1962,50.0390625
mysqli_object_static,4.0881,50.0390625
mysqli_object_static,4.114,50.0390625
mysqli_object_static,4.3124,50.0390625
mysqli_object_static,4.1208,50.0390625
mysqli_object_static,4.1821,50.0390625
mysqli_object_static,4.1054,50.0390625
mysqli_object_static,4.188,50.0390625
mysqli_object_static,4.005,50.0390625
mysqli_object_static,4.0588,50.0390625
mysqli_object_static,4.3467,50.0390625
mysqli_object_static,4.1916,50.0390625
mysqli_object_static,4,50.0390625
mysqli_object_static,4.0798,50.0390625
mysqli_object_static,4.3133,50.0390625
mysqli_object_static,4.1108,50.0390625
mysqli_object_static,4.0032,50.0390625
mysqli_object_static,4.3093,50.0390625
mysqli_object_static,4.1603,50.0390625
mysqli_object_static,4.0986,50.0390625
mysqli_object_static,5.7332,50.0390625
mysqli_object_static,4.514,50.0390625
mysqli_object_static,4.1134,50.0390625
mysqli_object_static,3.829,50.0390625
mysqli_object_static,4.3901,50.0390625
mysqli_object_static,4.6112,50.0390625
mysqli_object_static,4.2815,50.0390625
mysqli_object_static,4.1874,50.0390625
mysqli_object_static,4.1836,50.0390625
mysqli_object_static,4.1612,50.0390625
mysqli_object_static,3.9567,50.0390625
mysqli_object_static,4.2555,50.0390625
mysqli_object_static,4.1271,50.0390625
mysqli_object_static,4.1116,50.0390625
mysqli_object_static,3.9022,50.0390625
mysqli_object_static,5.7543,50.0390625
mysqli_object_static,4.1817,50.0390625
mysqli_object_static,4.0299,50.0390625
mysqli_object_static,4.6045,50.0390625
mysqli_object_static,4.239,50.0390625
mysqli_object_static,4.0994,50.0390625
mysqli_object_static,4.0166,50.0390625
mysqli_object_static,4.7666,50.0390625
mysqli_object_static,4.2321,50.0390625
mysqli_object_static,4.0845,42.3828125
mysqli_object_static,4.6013,42.3828125
mysqli_object_static,4.2065,42.3828125
mysqli_object_static,3.9316,42.3828125
mysqli_object_static,4.1829,42.3828125
mysqli_object_static,4.3785,42.3828125
mysqli_object_static,4.0482,42.3828125
mysqli_object_static,3.8215,42.3828125
mysqli_object_static,3.8513,42.3828125
mysqli_object_static,4.3686,42.3828125
mysqli_object_static,3.9308,42.3828125
mysqli_object_static,3.8395,42.3828125
mysqli_object_static,3.9894,42.3828125
mysqli_object_static,4.2188,42.3828125
mysqli_object_static,4.0203,42.3828125
mysqli_object_static,3.8832,42.3828125
mysqli_object_static,4.7286,42.3828125
mysqli_object_static,4.1374,42.3828125
mysqli_object_static,4.107,42.3828125
mysqli_object_static,4.1227,42.3828125
mysqli_object_static,4.1816,42.3828125
mysqli_object_static,5.374,42.3828125
mysqli_object_static,3.8268,42.3828125
mysqli_object_static,4.2556,42.3828125
mysqli_object_static,4.1881,42.3828125
mysqli_object_static,4.205,42.3828125
mysqli_object_static,4.1273,42.3828125
mysqli_object_static,4.1358,42.3828125
mysqli_object_static,4.1619,42.3828125
mysqli_object_static,4.0565,42.3828125
mysqli_object_static,4.4339,42.3828125
mysqli_object_static,4.1835,42.3828125
mysqli_object_static,4.123,42.3828125
mysqli_object_static,4.066,42.3828125
mysqli_object_static,4.2862,42.3828125
mysqli_object_static,4.1027,42.3828125
mysqli_object_static,4.0161,42.3828125
mysqli_object_static,4.326,42.3828125
mysqli_object_static,4.2036,42.3828125
mysqli_object_static,4.2505,42.3828125
mysqli_object_static,4.2019,42.3828125
mysqli_object_static,4.2575,42.3828125
mysqli_object_static,4.1088,42.3828125
mysqli_object_static,4.1492,42.3828125
mysqli_object_static,4.1474,42.3828125
mysqli_object_static,4.1551,42.3828125
mysqli_object_static,4.0726,42.3828125
mysqli_object_static,4.0584,42.3828125
mysqli_object_static,4.3919,42.3828125
mysqli_object_static,4.5304,42.3828125
mysqli_object_static,4.0708,42.3828125
mysqli_object_static,4.0738,42.3828125
mysqli_object_static,4.1819,42.3828125
mysqli_object_static,4.0917,42.3828125
mysqli_object_static,4.0571,42.3828125
mysqli_object_static,4.1266,42.3828125
mysqli_object_static,4.1153,42.3828125
mysqli_object_static,3.8964,42.3828125
mysqli_object_static,6.2987,42.3828125
mysqli_object_static,4.0459,42.3828125
mysqli_object_static,4.0813,42.3828125
mysqli_object_static,4.1,42.3828125
mysqli_object_static,4.1252,42.3828125
mysqli_object_static,4.2926,42.3828125
mysqli_object_static,4.2139,42.3828125
mysqli_object_static,4.0816,42.3828125
mysqli_object_static,4.1601,42.3828125
mysqli_object_static,4.0653,42.3828125
mysqli_object_static,4.0243,42.3828125
mysqli_object_static,3.969,42.3828125
mysqli_object_static,4.4518,42.3828125
mysqli_prepared_static,4.0438,40.7421875
mysqli_prepared_static,4.1073,40.0078125
mysqli_prepared_static,4.2791,40.0078125
mysqli_prepared_static,4.068,40.0078125
mysqli_prepared_static,4.0029,40.0078125
mysqli_prepared_static,4.0468,40.0078125
mysqli_prepared_static,4.177,40.0078125
mysqli_prepared_static,3.9828,40.0078125
mysqli_prepared_static,3.9479,40.0078125
mysqli_prepared_static,4.084,39.3828125
mysqli_prepared_static,4.0207,39.3828125
mysqli_prepared_static,3.8962,39.3828125
mysqli_prepared_static,4.0966,39.3828125
mysqli_prepared_static,5.5107,39.3828125
mysqli_prepared_static,4.0452,39.3828125
mysqli_prepared_static,4.0464,39.3828125
mysqli_prepared_static,4.265,39.3828125
mysqli_prepared_static,4.4051,38.1328125
mysqli_prepared_static,4.1373,38.1328125
mysqli_prepared_static,4.0605,38.1328125
mysqli_prepared_static,5.6313,38.1328125
mysqli_prepared_static,4.0475,38.1328125
mysqli_prepared_static,3.9702,38.1328125
mysqli_prepared_static,4.5962,38.1328125
mysqli_prepared_static,4.0026,38.1328125
mysqli_prepared_static,3.9585,38.1328125
mysqli_prepared_static,3.962,38.1328125
mysqli_prepared_static,4.6847,38.1328125
mysqli_prepared_static,3.971,38.1328125
mysqli_prepared_static,3.8977,38.1328125
mysqli_prepared_static,3.9305,38.1328125
mysqli_prepared_static,6.227,38.1328125
mysqli_prepared_static,3.9715,38.1328125
mysqli_prepared_static,4.0657,35.6328125
mysqli_prepared_static,4.3067,35.6328125
mysqli_prepared_static,3.9651,35.6328125
mysqli_prepared_static,3.9974,35.6328125
mysqli_prepared_static,3.9458,35.6328125
mysqli_prepared_static,4.2504,35.6328125
mysqli_prepared_static,3.925,35.6328125
mysqli_prepared_static,3.9349,35.6328125
mysqli_prepared_static,4.1038,35.6328125
mysqli_prepared_static,4.0505,35.6328125
mysqli_prepared_static,3.8218,35.6328125
mysqli_prepared_static,3.9634,35.6328125
mysqli_prepared_static,4.0451,35.6328125
mysqli_prepared_static,3.9685,35.6328125
mysqli_prepared_static,3.9335,35.6328125
mysqli_prepared_static,3.946,35.6328125
mysqli_prepared_static,4.082,35.6328125
mysqli_prepared_static,3.9499,35.6328125
mysqli_prepared_static,3.9294,35.6328125
mysqli_prepared_static,3.9898,35.6328125
mysqli_prepared_static,4.6268,35.6328125
mysqli_prepared_static,4.0541,35.6328125
mysqli_prepared_static,4.102,35.6328125
mysqli_prepared_static,4.0705,35.6328125
mysqli_prepared_static,3.9859,35.6328125
mysqli_prepared_static,3.9958,35.6328125
mysqli_prepared_static,3.9701,35.6328125
mysqli_prepared_static,4.1355,35.6328125
mysqli_prepared_static,3.9917,35.6328125
mysqli_prepared_static,4.0011,35.6328125
mysqli_prepared_static,3.9353,35.6328125
mysqli_prepared_static,4.1595,35.6328125
mysqli_prepared_static,5.55,32.875
mysqli_prepared_static,3.7245,32.875
mysqli_prepared_static,4.0856,32.875
mysqli_prepared_static,4.2266,32.875
mysqli_prepared_static,3.8425,32.875
mysqli_prepared_static,3.7426,32.875
mysqli_prepared_static,4.0948,32.875
mysqli_prepared_static,4.0091,32.875
mysqli_prepared_static,3.9123,32.875
mysqli_prepared_static,3.9913,32.875
mysqli_prepared_static,4.3536,32.875
mysqli_prepared_static,3.9301,32.875
mysqli_prepared_static,4.0241,32.875
mysqli_prepared_static,3.9895,32.875
mysqli_prepared_static,4.1263,32.875
mysqli_prepared_static,3.9535,32.875
mysqli_prepared_static,4.0037,32.875
mysqli_prepared_static,4.2884,32.875
mysqli_prepared_static,4.2098,32.875
mysqli_prepared_static,4.0276,32.875
mysqli_prepared_static,4.0056,32.875
mysqli_prepared_static,4.0976,32.875
mysqli_prepared_static,4.0159,32.875
mysqli_prepared_static,4.0214,32.875
mysqli_prepared_static,4.0065,32.875
mysqli_prepared_static,4.1115,32.875
mysqli_prepared_static,4.0291,32.875
mysqli_prepared_static,3.9736,32.875
mysqli_prepared_static,4.0865,32.875
mysqli_prepared_static,4.1334,32.875
mysqli_prepared_static,3.8378,32.875
mysqli_prepared_static,3.754,32.875
mysqli_prepared_static,4.0873,32.875
mysqli_prepared_static,4.0755,32.875
mysqli_prepared_static,3.9356,32.875
mysqli_prepared_static,3.7908,32.875
mysqli_prepared_static,3.978,32.875
mysqli_prepared_static,4.0404,32.875
mysqli_prepared_static,4.0079,32.875
mysqli_prepared_static,3.9504,32.875
mysqli_prepared_static,4.1152,32.875
mysqli_prepared_static,3.9765,32.875
mysqli_prepared_static,3.9368,32.875
mysqli_prepared_static,3.9778,32.875
mysqli_prepared_static,4.0343,32.875
mysqli_prepared_static,3.9655,32.875
mysqli_prepared_static,3.9365,32.875
mysqli_prepared_static,4.0672,32.875
mysqli_prepared_static,4.215,32.875
mysqli_prepared_static,4.0359,32.875
mysqli_prepared_static,3.9524,32.875
mysqli_prepared_static,4.2621,32.875
mysqli_prepared_static,3.9717,32.875
mysqli_prepared_static,4.0786,32.875
mysqli_prepared_static,5.5458,32.875
mysqli_prepared_static,4.0137,32.875
mysqli_prepared_static,4.0109,32.875
mysqli_prepared_static,4.0095,32.875
mysqli_prepared_static,4.095,32.875
mysqli_prepared_static,4.0899,32.875
mysqli_prepared_static,3.7885,32.875
mysqli_prepared_static,3.9368,32.875
mysqli_prepared_static,4.6667,32.875
mysqli_prepared_static,4.5985,32.875
mysqli_prepared_static,4.347,32.875
mysqli_prepared_static,4.2352,32.875
mysqli_prepared_static,4.0931,32.875
mysqli_prepared_static,3.816,32.875
mysqli_prepared_static,4.0331,32.875
mysqli_prepared_static,4.3445,32.875
mysqli_prepared_static,4.0671,32.875
mysqli_prepared_static,4.084,32.875
mysqli_prepared_static,3.9749,32.875
mysqli_prepared_static,4.3226,32.875
mysqli_prepared_static,4.0537,32.875
mysqli_prepared_static,4.0555,32.875
mysqli_prepared_static,4.3145,32.875
mysqli_prepared_static,4.2289,32.875
mysqli_prepared_static,3.8127,32.875
mysqli_prepared_static,3.824,32.875
mysqli_prepared_static,4.4338,32.875
mysqli_prepared_static,4.0153,32.875
mysqli_prepared_static,4.6891,32.875
mysqli_prepared_static,4.0367,32.875
mysqli_prepared_static,4.0257,32.875
mysqli_prepared_static,3.9488,32.875
mysqli_prepared_static,3.9754,32.875
mysqli_prepared_static,4.119,32.875
mysqli_prepared_static,4.1041,32.875
mysqli_prepared_static,3.7669,32.875
mysqli_prepared_static,3.9334,32.875
mysqli_prepared_static,4.2319,32.875
mysqli_prepared_static,4.0502,32.875
mysqli_prepared_static,4.0003,32.875
mysqli_prepared_static,3.7492,32.875
mysqli_prepared_static,4.2556,32.875
mysqli_prepared_static,4.0683,32.875
mysqli_prepared_static,4.0652,32.875
mysqli_prepared_static,4.0085,32.875
mysqli_prepared_static,4.0403,32.875
mysqli_prepared_static,3.8117,32.875
mysqli_prepared_static,3.8127,32.875
mysqli_prepared_static,3.9105,32.875
mysqli_prepared_static,4.5568,32.875
mysqli_prepared_static,3.9761,32.875
mysqli_prepared_static,3.7271,32.875
mysqli_prepared_static,4.4359,32.875
mysqli_prepared_static,4.106,32.875
mysqli_prepared_static,3.7799,32.875
mysqli_prepared_static,3.7297,32.875
mysqli_prepared_static,4.0295,32.875
mysqli_prepared_static,4.0024,32.875
mysqli_prepared_static,3.9846,32.875
mysqli_prepared_static,4.0333,32.875
mysqli_prepared_static,3.9344,32.875
mysqli_prepared_static,4.4867,32.875
mysqli_prepared_static,3.9908,32.875
mysqli_prepared_static,4.0729,32.875
mysqli_prepared_static,4.1981,32.875
mysqli_prepared_static,4.1256,32.875
mysqli_prepared_static,3.8753,32.875
mysqli_prepared_static,4.2366,32.875
mysqli_prepared_static,3.9976,32.875
mysqli_prepared_static,3.747,32.875
mysqli_prepared_static,3.9953,32.875
mysqli_prepared_static,4.1365,32.875
mysqli_prepared_static,4.0062,32.875
mysqli_prepared_static,3.9707,32.875
mysqli_prepared_static,3.8913,32.875
mysqli_prepared_static,4.0003,32.875
mysqli_prepared_static,3.9901,32.875
mysqli_prepared_static,3.8434,32.875
mysqli_prepared_static,5.7819,32.875
mysqli_prepared_static,4.009,32.875
mysqli_prepared_static,3.7298,32.875
pdo_query_static,4.9891,81.8046875
pdo_query_static,4.3547,81.0703125
pdo_query_static,4.3434,81.0703125
pdo_query_static,3.9756,81.0703125
pdo_query_static,4.2919,81.0703125
pdo_query_static,4.2184,81.0703125
pdo_query_static,4.1893,81.0703125
pdo_query_static,4.2822,81.0703125
pdo_query_static,4.2884,81.0703125
pdo_query_static,4.1879,80.4453125
pdo_query_static,4.0217,80.4453125
pdo_query_static,4.3053,80.4453125
pdo_query_static,4.9573,80.4453125
pdo_query_static,3.9274,80.4453125
pdo_query_static,4.3037,80.4453125
pdo_query_static,4.4864,80.4453125
pdo_query_static,4.3174,80.4453125
pdo_query_static,3.9429,79.1953125
pdo_query_static,4.399,79.1953125
pdo_query_static,4.2419,79.1953125
pdo_query_static,4.2234,79.1953125
pdo_query_static,4.3199,79.1953125
pdo_query_static,4.1686,79.1953125
pdo_query_static,4.1489,79.1953125
pdo_query_static,4.1737,79.1953125
pdo_query_static,4.3739,79.1953125
pdo_query_static,4.2443,79.1953125
pdo_query_static,4.1887,79.1953125
pdo_query_static,4.4476,79.1953125
pdo_query_static,4.354,79.1953125
pdo_query_static,4.0669,79.1953125
pdo_query_static,4.2023,79.1953125
pdo_query_static,4.4503,79.1953125
pdo_query_static,4.3408,76.6953125
pdo_query_static,4.2411,76.6953125
pdo_query_static,4.184,76.6953125
pdo_query_static,5.314,76.6953125
pdo_query_static,4.1624,76.6953125
pdo_query_static,3.9854,76.6953125
pdo_query_static,4.3217,76.6953125
pdo_query_static,4.3768,76.6953125
pdo_query_static,5.1234,76.6953125
pdo_query_static,4.9206,76.6953125
pdo_query_static,4.5406,76.6953125
pdo_query_static,4.2785,76.6953125
pdo_query_static,4.1717,76.6953125
pdo_query_static,4.3623,76.6953125
pdo_query_static,4.0322,76.6953125
pdo_query_static,4.5803,76.6953125
pdo_query_static,4.4812,76.6953125
pdo_query_static,4.2497,76.6953125
pdo_query_static,4.1714,76.6953125
pdo_query_static,4.5542,76.6953125
pdo_query_static,4.4937,76.6953125
pdo_query_static,4.1543,76.6953125
pdo_query_static,4.1307,76.6953125
pdo_query_static,4.4447,76.6953125
pdo_query_static,4.357,76.6953125
pdo_query_static,4.2339,76.6953125
pdo_query_static,4.0546,76.6953125
pdo_query_static,4.8801,76.6953125
pdo_query_static,4.2436,76.6953125
pdo_query_static,4.0082,76.6953125
pdo_query_static,4.139,76.6953125
pdo_query_static,4.1862,76.6953125
pdo_query_static,4.1813,65.6953125
pdo_query_static,4.1803,65.6953125
pdo_query_static,4.2971,65.6953125
pdo_query_static,4.2303,65.6953125
pdo_query_static,4.1812,65.6953125
pdo_query_static,4.2663,65.6953125
pdo_query_static,4.3894,65.6953125
pdo_query_static,4.185,65.6953125
pdo_query_static,4.1327,65.6953125
pdo_query_static,4.1915,65.6953125
pdo_query_static,4.3313,65.6953125
pdo_query_static,4.2055,65.6953125
pdo_query_static,4.2371,65.6953125
pdo_query_static,6.4359,65.6953125
pdo_query_static,4.0353,65.6953125
pdo_query_static,4.2094,65.6953125
pdo_query_static,4.3837,65.6953125
pdo_query_static,4.4247,65.6953125
pdo_query_static,3.9305,65.6953125
pdo_query_static,4.3217,65.6953125
pdo_query_static,4.3259,65.6953125
pdo_query_static,4.1914,65.6953125
pdo_query_static,3.921,65.6953125
pdo_query_static,4.2477,65.6953125
pdo_query_static,4.2589,65.6953125
pdo_query_static,4.0128,65.6953125
pdo_query_static,4.0779,65.6953125
pdo_query_static,4.3687,65.6953125
pdo_query_static,4.2075,65.6953125
pdo_query_static,4.1668,65.6953125
pdo_query_static,4.6007,65.6953125
pdo_query_static,4.2465,65.6953125
pdo_query_static,4.147,65.6953125
pdo_query_static,4.2072,65.6953125
pdo_query_static,4.4448,65.6953125
pdo_query_static,4.2123,65.6953125
pdo_query_static,6.2841,65.6953125
pdo_query_static,4.3963,65.6953125
pdo_query_static,4.3461,65.6953125
pdo_query_static,4.189,65.6953125
pdo_query_static,4.8656,65.6953125
pdo_query_static,4.2001,65.6953125
pdo_query_static,4.1587,65.6953125
pdo_query_static,4.1703,65.6953125
pdo_query_static,4.2137,65.6953125
pdo_query_static,4.1555,65.6953125
pdo_query_static,4.1128,65.6953125
pdo_query_static,4.2454,65.6953125
pdo_query_static,4.2981,65.6953125
pdo_query_static,4.2611,65.6953125
pdo_query_static,3.9307,65.6953125
pdo_query_static,4.3198,65.6953125
pdo_query_static,4.2005,65.6953125
pdo_query_static,3.9892,65.6953125
pdo_query_static,4.2039,65.6953125
pdo_query_static,4.6154,65.6953125
pdo_query_static,4.3087,65.6953125
pdo_query_static,4.3311,65.6953125
pdo_query_static,4.6111,65.6953125
pdo_query_static,4.2588,65.6953125
pdo_query_static,4.0418,65.6953125
pdo_query_static,4.0386,65.6953125
pdo_query_static,5.8938,65.6953125
pdo_query_static,4.1211,65.6953125
pdo_query_static,6.1482,57.6953125
pdo_query_static,4.1464,57.6953125
pdo_query_static,4.2197,57.6953125
pdo_query_static,3.9342,57.6953125
pdo_query_static,6.12,57.6953125
pdo_query_static,4.1719,57.6953125
pdo_query_static,4.2973,57.6953125
pdo_query_static,4.2805,57.6953125
pdo_query_static,4.4894,57.6953125
pdo_query_static,4.3108,57.6953125
pdo_query_static,3.9356,57.6953125
pdo_query_static,7.3599,57.6953125
pdo_query_static,4.3765,57.6953125
pdo_query_static,4.1282,57.6953125
pdo_query_static,6.212,57.6953125
pdo_query_static,4.3077,57.6953125
pdo_query_static,4.4831,57.6953125
pdo_query_static,5.7868,57.6953125
pdo_query_static,4.2646,57.6953125
pdo_query_static,4.3415,57.6953125
pdo_query_static,6.0973,57.6953125
pdo_query_static,6.4216,57.6953125
pdo_query_static,6.3914,57.6953125
pdo_query_static,4.4486,57.6953125
pdo_query_static,4.2762,57.6953125
pdo_query_static,4.2186,57.6953125
pdo_query_static,5.0619,57.6953125
pdo_query_static,5.7651,57.6953125
pdo_query_static,4.2909,57.6953125
pdo_query_static,6.0523,57.6953125
pdo_query_static,4.1862,57.6953125
pdo_query_static,4.2459,57.6953125
pdo_query_static,4.2496,57.6953125
pdo_query_static,4.2472,57.6953125
pdo_query_static,3.8948,57.6953125
pdo_query_static,4.2757,57.6953125
pdo_query_static,4.3435,57.6953125
pdo_query_static,4.0683,57.6953125
pdo_query_static,3.9026,57.6953125
pdo_query_static,4.2138,57.6953125
pdo_query_static,4.2081,57.6953125
pdo_query_static,4.2025,57.6953125
pdo_query_static,4.1795,57.6953125
pdo_query_static,4.3553,57.6953125
pdo_query_static,4.2594,57.6953125
pdo_query_static,4.1551,57.6953125
pdo_query_static,4.2377,57.6953125
pdo_query_static,4.332,57.6953125
pdo_query_static,4.3154,57.6953125
pdo_query_static,4.1852,57.6953125
pdo_query_static,4.3146,57.6953125
pdo_query_static,4.216,57.6953125
pdo_query_static,4.1302,57.6953125
pdo_query_static,4.1141,57.6953125
pdo_query_static,4.3173,57.6953125
pdo_query_static,4.2081,57.6953125
pdo_query_static,4.21,57.6953125
pdo_query_static,4.1516,57.6953125
pdo_query_static,4.2416,57.6953125
pdo_query_static,4.2026,57.6953125
pdo_query_static,4.2272,57.6953125
pdo_query_static,4.3028,57.6953125
pdo_query_static,4.2505,57.6953125
pdo_query_static,3.9568,57.6953125
pdo_query_static,4.0135,57.6953125
pdo_query_static,4.6709,57.6953125
pdo_query_static,4.0989,57.6953125
pdo_query_static,3.9944,57.6953125
pdo_query_static,4.2191,57.6953125
pdo_query_static,4.2434,57.6953125
pdo_query_static,4.0271,57.6953125
pdo_prepared_static,4.4396,54.6484375
pdo_prepared_static,4.155,53.8515625
pdo_prepared_static,4.1702,53.8515625
pdo_prepared_static,4.0747,53.8515625
pdo_prepared_static,4.2882,53.8515625
pdo_prepared_static,4.0451,53.8515625
pdo_prepared_static,4.0386,53.8515625
pdo_prepared_static,4.3414,53.8515625
pdo_prepared_static,4.3132,53.8515625
pdo_prepared_static,4.048,53.2265625
pdo_prepared_static,4.0091,53.2265625
pdo_prepared_static,4.2053,53.2265625
pdo_prepared_static,4.1261,53.2265625
pdo_prepared_static,3.967,53.2265625
pdo_prepared_static,3.8968,53.2265625
pdo_prepared_static,4.1174,53.2265625
pdo_prepared_static,4.0883,53.2265625
pdo_prepared_static,5.6226,51.9765625
pdo_prepared_static,4.085,51.9765625
pdo_prepared_static,4.1448,51.9765625
pdo_prepared_static,4.0974,51.9765625
pdo_prepared_static,4.1223,51.9765625
pdo_prepared_static,4.1574,51.9765625
pdo_prepared_static,4.0175,51.9765625
pdo_prepared_static,3.8815,51.9765625
pdo_prepared_static,4.1389,51.9765625
pdo_prepared_static,4.1641,51.9765625
pdo_prepared_static,4.1284,51.9765625
pdo_prepared_static,4.0661,51.9765625
pdo_prepared_static,4.1144,51.9765625
pdo_prepared_static,4.2133,51.9765625
pdo_prepared_static,4.0803,51.9765625
pdo_prepared_static,4.0793,51.9765625
pdo_prepared_static,4.1569,49.4765625
pdo_prepared_static,4.1156,49.4765625
pdo_prepared_static,3.8159,49.4765625
pdo_prepared_static,4.1676,49.4765625
pdo_prepared_static,4.1952,49.4765625
pdo_prepared_static,4.1295,49.4765625
pdo_prepared_static,3.8948,49.4765625
pdo_prepared_static,3.9828,49.4765625
pdo_prepared_static,4.1298,49.4765625
pdo_prepared_static,4.0663,49.4765625
pdo_prepared_static,4.0775,49.4765625
pdo_prepared_static,4.1323,49.4765625
pdo_prepared_static,4.1717,49.4765625
pdo_prepared_static,3.9586,49.4765625
pdo_prepared_static,4.1863,49.4765625
pdo_prepared_static,4.6879,49.4765625
pdo_prepared_static,4.0889,49.4765625
pdo_prepared_static,3.935,49.4765625
pdo_prepared_static,4.1725,49.4765625
pdo_prepared_static,4.2006,49.4765625
pdo_prepared_static,4.0871,49.4765625
pdo_prepared_static,4.0777,49.4765625
pdo_prepared_static,4.7198,49.4765625
pdo_prepared_static,4.7616,49.4765625
pdo_prepared_static,4.5729,49.4765625
pdo_prepared_static,4.4805,49.4765625
pdo_prepared_static,4.4231,49.4765625
pdo_prepared_static,4.2103,49.4765625
pdo_prepared_static,3.8924,49.4765625
pdo_prepared_static,4.5059,49.4765625
pdo_prepared_static,4.1096,49.4765625
pdo_prepared_static,4.0971,49.4765625
pdo_prepared_static,4.1767,38.4765625
pdo_prepared_static,4.3006,38.4765625
pdo_prepared_static,3.9452,38.4765625
pdo_prepared_static,4.0685,38.4765625
pdo_prepared_static,4.565,38.4765625
pdo_prepared_static,4.1201,38.4765625
pdo_prepared_static,3.8865,38.4765625
pdo_prepared_static,4.0945,38.4765625
pdo_prepared_static,4.1446,38.4765625
pdo_prepared_static,4.1165,38.4765625
pdo_prepared_static,4.1212,38.4765625
pdo_prepared_static,4.3887,38.4765625
pdo_prepared_static,4.1128,38.4765625
pdo_prepared_static,3.8146,38.4765625
pdo_prepared_static,3.8312,38.4765625
pdo_prepared_static,4.7029,38.4765625
pdo_prepared_static,4.1187,38.4765625
pdo_prepared_static,3.8526,38.4765625
pdo_prepared_static,3.8312,38.4765625
pdo_prepared_static,6.5227,38.4765625
pdo_prepared_static,4.1688,38.4765625
pdo_prepared_static,4.1152,38.4765625
pdo_prepared_static,4.3601,38.4765625
pdo_prepared_static,4.119,38.4765625
pdo_prepared_static,5.3564,38.4765625
pdo_prepared_static,4.2769,38.4765625
pdo_prepared_static,4.1629,38.4765625
pdo_prepared_static,3.8359,38.4765625
pdo_prepared_static,4.0571,38.4765625
pdo_prepared_static,4.2586,38.4765625
pdo_prepared_static,4.1696,38.4765625
pdo_prepared_static,4.134,38.4765625
pdo_prepared_static,3.9864,38.4765625
pdo_prepared_static,4.1444,38.4765625
pdo_prepared_static,3.9181,38.4765625
pdo_prepared_static,3.8887,38.4765625
pdo_prepared_static,4.209,38.4765625
pdo_prepared_static,4.0534,38.4765625
pdo_prepared_static,4.1077,38.4765625
pdo_prepared_static,4.1128,38.4765625
pdo_prepared_static,4.17,38.4765625
pdo_prepared_static,4.1138,38.4765625
pdo_prepared_static,3.8696,38.4765625
pdo_prepared_static,3.9101,38.4765625
pdo_prepared_static,4.5201,38.4765625
pdo_prepared_static,3.9886,38.4765625
pdo_prepared_static,4.0544,38.4765625
pdo_prepared_static,4.0188,38.4765625
pdo_prepared_static,4.1461,38.4765625
pdo_prepared_static,3.9404,38.4765625
pdo_prepared_static,4.0622,38.4765625
pdo_prepared_static,4.175,38.4765625
pdo_prepared_static,4.1051,38.4765625
pdo_prepared_static,4.1018,38.4765625
pdo_prepared_static,4.1271,38.4765625
pdo_prepared_static,4.0963,38.4765625
pdo_prepared_static,4.0558,38.4765625
pdo_prepared_static,3.9923,38.4765625
pdo_prepared_static,4.2025,38.4765625
pdo_prepared_static,6.1621,38.4765625
pdo_prepared_static,4.057,38.4765625
pdo_prepared_static,4.0165,38.4765625
pdo_prepared_static,4.8823,38.4765625
pdo_prepared_static,4.23,38.4765625
pdo_prepared_static,4.0041,32.796875
pdo_prepared_static,4.6558,32.796875
pdo_prepared_static,4.2725,32.796875
pdo_prepared_static,4.1334,32.796875
pdo_prepared_static,4.1177,32.796875
pdo_prepared_static,4.9613,32.796875
pdo_prepared_static,4.0347,32.796875
pdo_prepared_static,5.8989,32.796875
pdo_prepared_static,4.5586,32.796875
pdo_prepared_static,4.221,32.796875
pdo_prepared_static,3.9998,32.796875
pdo_prepared_static,3.9598,32.796875
pdo_prepared_static,4.1807,32.796875
pdo_prepared_static,3.9476,32.796875
pdo_prepared_static,4.0875,32.796875
pdo_prepared_static,4.3452,32.796875
pdo_prepared_static,4.1096,32.796875
pdo_prepared_static,3.9098,32.796875
pdo_prepared_static,4.0605,32.796875
pdo_prepared_static,4.505,32.796875
pdo_prepared_static,4.0878,32.796875
pdo_prepared_static,3.8058,32.796875
pdo_prepared_static,3.9687,32.796875
pdo_prepared_static,4.3685,32.796875
pdo_prepared_static,4.1581,32.796875
pdo_prepared_static,4.1652,32.796875
pdo_prepared_static,4.251,32.796875
pdo_prepared_static,4.2249,32.796875
pdo_prepared_static,4.0173,32.796875
pdo_prepared_static,4.3607,32.796875
pdo_prepared_static,4.1464,32.796875
pdo_prepared_static,3.9029,32.796875
pdo_prepared_static,4.0774,32.796875
pdo_prepared_static,4.171,32.796875
pdo_prepared_static,5.2365,32.796875
pdo_prepared_static,4.1873,32.796875
pdo_prepared_static,4.1009,32.796875
pdo_prepared_static,4.5105,32.796875
pdo_prepared_static,4.0783,32.796875
pdo_prepared_static,3.9361,32.796875
pdo_prepared_static,4.5284,32.796875
pdo_prepared_static,4.1602,32.796875
pdo_prepared_static,4.1444,32.796875
pdo_prepared_static,3.919,32.796875
pdo_prepared_static,4.449,32.796875
pdo_prepared_static,4.436,32.796875
pdo_prepared_static,3.9325,32.796875
pdo_prepared_static,3.8962,32.796875
pdo_prepared_static,4.2844,32.796875
pdo_prepared_static,4.252,32.796875
pdo_prepared_static,5.5247,32.796875
pdo_prepared_static,4.2687,32.796875
pdo_prepared_static,4.1199,32.796875
pdo_prepared_static,3.819,32.796875
pdo_prepared_static,4.5541,32.796875
pdo_prepared_static,4.2664,32.796875
pdo_prepared_static,3.9179,32.796875
pdo_prepared_static,3.9297,32.796875
pdo_prepared_static,4.1452,32.796875
pdo_prepared_static,4.1668,32.796875
pdo_prepared_static,4.0781,32.796875
pdo_prepared_static,4.0525,32.796875
pdo_prepared_static,4.1756,32.796875
pdo_prepared_static,4.155,32.796875
pdo_prepared_static,4.0636,32.796875
pdo_prepared_static,4.0809,32.796875
pdo_prepared_static,4.3019,32.796875
pdo_prepared_static,3.9723,32.796875
pdo_prepared_static,4.0674,32.796875
pdo_prepared_static,4.7866,32.796875
pdo_prepared_static,4.1133,32.796875
pdo_prepared_static,4.4609,80.328125
pdo_prepared_static,4.7737,79.4296875
pdo_prepared_static,4.2835,79.4296875
pdo_prepared_static,4.0339,79.4296875
pdo_prepared_static,4.3044,79.4296875
pdo_prepared_static,4.6663,79.4296875
pdo_prepared_static,4.2587,79.4296875
pdo_prepared_static,4.2447,79.4296875
pdo_prepared_static,4.3499,79.4296875
pdo_prepared_static,4.3245,78.8046875
pdo_prepared_static,4.3097,78.8046875
pdo_prepared_static,4.3366,78.8046875
pdo_prepared_static,4.4433,78.8046875
pdo_prepared_static,4.2724,78.8046875
pdo_prepared_static,4.295,78.8046875
pdo_prepared_static,4.3658,78.8046875
pdo_prepared_static,4.3054,78.8046875
pdo_prepared_static,4.2314,77.5546875
pdo_prepared_static,4.2182,77.5546875
pdo_prepared_static,4.2401,77.5546875
pdo_prepared_static,4.1842,77.5546875
pdo_prepared_static,4.1559,77.5546875
pdo_prepared_static,4.3458,77.5546875
pdo_prepared_static,4.2797,77.5546875
pdo_prepared_static,4.2121,77.5546875
pdo_prepared_static,4.1679,77.5546875
pdo_prepared_static,4.3377,77.5546875
pdo_prepared_static,4.2354,77.5546875
pdo_prepared_static,4.6229,77.5546875
pdo_prepared_static,4.3174,77.5546875
pdo_prepared_static,4.2961,77.5546875
pdo_prepared_static,4.2631,77.5546875
pdo_prepared_static,4.3003,77.5546875
pdo_prepared_static,4.3265,75.0546875
pdo_prepared_static,4.2846,75.0546875
pdo_prepared_static,4.1003,75.0546875
pdo_prepared_static,4.113,75.0546875
pdo_prepared_static,4.3556,75.0546875
pdo_prepared_static,4.2354,75.0546875
pdo_prepared_static,4.176,75.0546875
pdo_prepared_static,4.234,75.0546875
pdo_prepared_static,4.2658,75.0546875
pdo_prepared_static,4.2868,75.0546875
pdo_prepared_static,4.2816,75.0546875
pdo_prepared_static,4.274,75.0546875
pdo_prepared_static,4.2304,75.0546875
pdo_prepared_static,4.2498,75.0546875
pdo_prepared_static,4.3166,75.0546875
pdo_prepared_static,4.7584,75.0546875
pdo_prepared_static,4.3018,75.0546875
pdo_prepared_static,4.256,75.0546875
pdo_prepared_static,4.3967,75.0546875
pdo_prepared_static,4.2181,75.0546875
pdo_prepared_static,3.955,75.0546875
pdo_prepared_static,4.5178,75.0546875
pdo_prepared_static,4.3097,75.0546875
pdo_prepared_static,4.2734,75.0546875
pdo_prepared_static,4.3239,75.0546875
pdo_prepared_static,4.3428,75.0546875
pdo_prepared_static,4.6028,75.0546875
pdo_prepared_static,4.1566,75.0546875
pdo_prepared_static,4.3464,75.0546875
pdo_prepared_static,4.2987,75.0546875
pdo_prepared_static,4.2179,75.0546875
pdo_prepared_static,4.2651,75.0546875
pdo_prepared_static,4.3427,64.0546875
pdo_prepared_static,4.1719,64.0546875
pdo_prepared_static,4.0768,64.0546875
pdo_prepared_static,4.4242,64.0546875
pdo_prepared_static,4.3208,64.0546875
pdo_prepared_static,4.0621,64.0546875
pdo_prepared_static,4.0431,64.0546875
pdo_prepared_static,4.3642,64.0546875
pdo_prepared_static,4.0391,64.0546875
pdo_prepared_static,4.0005,64.0546875
pdo_prepared_static,4.2528,64.0546875
pdo_prepared_static,4.2944,64.0546875
pdo_prepared_static,4.2256,64.0546875
pdo_prepared_static,4.2697,64.0546875
pdo_prepared_static,4.4104,64.0546875
pdo_prepared_static,4.3336,64.0546875
pdo_prepared_static,4.2765,64.0546875
pdo_prepared_static,4.3766,64.0546875
pdo_prepared_static,4.5796,64.0546875
pdo_prepared_static,4.3212,64.0546875
pdo_prepared_static,4.278,64.0546875
pdo_prepared_static,4.3996,64.0546875
pdo_prepared_static,4.2703,64.0546875
pdo_prepared_static,4.2143,64.0546875
pdo_prepared_static,4.2292,64.0546875
pdo_prepared_static,4.2618,64.0546875
pdo_prepared_static,4.2826,64.0546875
pdo_prepared_static,4.459,64.0546875
pdo_prepared_static,4.2615,64.0546875
pdo_prepared_static,4.3543,64.0546875
pdo_prepared_static,4.1943,64.0546875
pdo_prepared_static,4.3011,64.0546875
pdo_prepared_static,5.5223,64.0546875
pdo_prepared_static,4.2234,64.0546875
pdo_prepared_static,4.1948,64.0546875
pdo_prepared_static,4.3314,64.0546875
pdo_prepared_static,4.2718,64.0546875
pdo_prepared_static,4.2414,64.0546875
pdo_prepared_static,4.1316,64.0546875
pdo_prepared_static,4.2369,64.0546875
pdo_prepared_static,4.2635,64.0546875
pdo_prepared_static,4.2432,64.0546875
pdo_prepared_static,4.3044,64.0546875
pdo_prepared_static,4.3408,64.0546875
pdo_prepared_static,4.0435,64.0546875
pdo_prepared_static,4.2121,64.0546875
pdo_prepared_static,4.5286,64.0546875
pdo_prepared_static,4.0546,64.0546875
pdo_prepared_static,3.9906,64.0546875
pdo_prepared_static,4.1235,64.0546875
pdo_prepared_static,4.228,64.0546875
pdo_prepared_static,4.0773,64.0546875
pdo_prepared_static,4.0229,64.0546875
pdo_prepared_static,4.2932,64.0546875
pdo_prepared_static,4.0832,64.0546875
pdo_prepared_static,3.9586,64.0546875
pdo_prepared_static,3.9503,64.0546875
pdo_prepared_static,4.3507,64.0546875
pdo_prepared_static,4.2291,64.0546875
pdo_prepared_static,4.1802,64.0546875
pdo_prepared_static,4.399,64.0546875
pdo_prepared_static,4.4438,64.0546875
pdo_prepared_static,4.1833,64.0546875
pdo_prepared_static,4.2543,64.0546875
pdo_prepared_static,4.3075,56.0546875
pdo_prepared_static,4.1961,56.0546875
pdo_prepared_static,4.1865,56.0546875
pdo_prepared_static,4.2384,56.0546875
pdo_prepared_static,4.1867,56.0546875
pdo_prepared_static,4.1847,56.0546875
pdo_prepared_static,4.2893,56.0546875
pdo_prepared_static,4.4289,56.0546875
pdo_prepared_static,4.3584,56.0546875
pdo_prepared_static,4.3737,56.0546875
pdo_prepared_static,4.2837,56.0546875
pdo_prepared_static,4.3746,56.0546875
pdo_prepared_static,4.3032,56.0546875
pdo_prepared_static,4.1075,56.0546875
pdo_prepared_static,4.3585,56.0546875
pdo_prepared_static,4.2839,56.0546875
pdo_prepared_static,4.2999,56.0546875
pdo_prepared_static,4.2522,56.0546875
pdo_prepared_static,4.2457,56.0546875
pdo_prepared_static,4.2696,56.0546875
pdo_prepared_static,4.2205,56.0546875
pdo_prepared_static,4.4146,56.0546875
pdo_prepared_static,4.3736,56.0546875
pdo_prepared_static,4.3238,56.0546875
pdo_prepared_static,4.3294,56.0546875
pdo_prepared_static,4.437,56.0546875
pdo_prepared_static,4.235,56.0546875
pdo_prepared_static,4.2891,56.0546875
pdo_prepared_static,4.3274,56.0546875
pdo_prepared_static,4.2859,56.0546875
pdo_prepared_static,4.2147,56.0546875
pdo_prepared_static,4.1401,56.0546875
pdo_prepared_static,4.2278,56.0546875
pdo_prepared_static,4.2415,56.0546875
pdo_prepared_static,4.077,56.0546875
pdo_prepared_static,4.5283,56.0546875
pdo_prepared_static,4.3376,56.0546875
pdo_prepared_static,4.2198,56.0546875
pdo_prepared_static,4.1527,56.0546875
pdo_prepared_static,4.2788,56.0546875
pdo_prepared_static,5.3405,56.0546875
pdo_prepared_static,4.3306,56.0546875
pdo_prepared_static,4.3472,56.0546875
pdo_prepared_static,4.3107,56.0546875
pdo_prepared_static,4.2898,56.0546875
pdo_prepared_static,4.1995,56.0546875
pdo_prepared_static,4.1894,56.0546875
pdo_prepared_static,4.1867,56.0546875
pdo_prepared_static,4.2634,56.0546875
pdo_prepared_static,4.352,56.0546875
pdo_prepared_static,4.3191,56.0546875
pdo_prepared_static,4.1163,56.0546875
pdo_prepared_static,4.2435,56.0546875
pdo_prepared_static,4.4902,56.0546875
pdo_prepared_static,4.3009,56.0546875
pdo_prepared_static,4.2392,56.0546875
pdo_prepared_static,4.1987,56.0546875
pdo_prepared_static,4.3526,56.0546875
pdo_prepared_static,4.2682,56.0546875
pdo_prepared_static,4.195,56.0546875
pdo_prepared_static,4.333,56.0546875
pdo_prepared_static,5.7531,56.0546875
pdo_prepared_static,4.2457,56.0546875
pdo_prepared_static,4.6956,56.0546875
pdo_prepared_static,4.2962,56.0546875
pdo_prepared_static,4.2264,56.0546875
pdo_prepared_static,4.5424,56.0546875
pdo_prepared_static,4.5031,56.0546875
pdo_prepared_static,4.2825,56.0546875
pdo_prepared_static,4.3129,56.0546875
pdo_prepared_static,4.5906,56.0546875
